{"cameraMode":{"drawMode":0,"name":"Shaded","section":"Shading Mode"},"sceneLighting":true,"audioPlay":false,"sceneViewState":{"showFog":true,"showMaterialUpdate":true,"showSkybox":true,"showFlares":true,"showImageEffects":true,"showParticleSystems":true},"in2DMode":false,"pivot":{"x":34.099273681640628,"y":7.336367130279541,"z":8.598681449890137},"rotation":{"x":0.14199772477149964,"y":0.02517288736999035,"z":-0.0036235484294593336,"w":0.9895402193069458},"size":16.642108917236329,"orthographic":false}